,bread,bananas,milk
0,1.33,0.33,5.52
1,1.96,0.30000000000000004,4.07
2,2.04,0.1,4.53
3,1.69,0.14,3.66
4,1.94,0.42000000000000004,3.94
5,1.44,0.12000000000000001,2.29
6,1.59,0.58,4.16
7,1.92,0.59,1.73
8,1.19,0.49,2.36
9,1.83,0.55,4.12
10,1.77,0.83,2.94
11,1.55,0.41000000000000003,5.08
12,1.5,0.36,5.07
13,1.88,0.26,2.6
14,1.98,0.62,1.88
15,1.12,0.43000000000000005,3.49
16,2.21,0.55,2.65
17,1.72,0.18,2.32
18,2.18,0.17,1.2
